level,regime_family,oracle_mode,xgb_config_id,delta_prauc_median,delta_prauc_p10,delta_prauc_p90,delta_prauc_std,delta_prauc_iqr,prauc_raw_median,prauc_oracle_median,ratio_scale_invariance_raw_median,ratio_scale_invariance_oracle_median,product_comp_invariance_raw_median,product_comp_invariance_oracle_median,iso_var_ratio_raw_median,iso_var_ratio_oracle_median,iso_var_product_raw_median,iso_var_product_oracle_median,dominance_train_mean_median,dominance_train_p90_median,dominance_test_mean_median,dominance_test_p90_median,n_runs,delta_prauc_pos_rate_frac_pos,delta_prauc_pos_rate_ci_lo,delta_prauc_pos_rate_ci_hi,delta_prauc_pos_rate_n_eff
1,mixture_extremes,oracle_coords_only,baseline,0.011396699931821505,0.003070533859874741,0.02197734771777002,0.007885881616253539,0.011482533657837884,0.31777246998030517,0.32916916991212664,0.004990991616249084,0.0019761566795408725,0.009172545859217644,0.003650735853612423,4.546012306907491e-05,9.498237647236833e-06,0.0001584818474612447,2.5990143785546407e-05,,,,,6,1.0,0.6096657120978346,1.0,6.0
1,mixture_extremes,oracle_coords_only,depth4_light,0.005711293234994405,-0.00028959430736547054,0.012456580121221472,0.005883542598344204,0.006079294900099563,0.33097574132428836,0.33177683989011836,0.009921938362717628,0.0009894694656133651,0.012836141837760806,0.0035520800851285457,0.00020480189483022636,3.07836962814072e-06,0.00034154736941042433,2.598722870814496e-05,,,,,6,0.8333333333333334,0.43649717781352987,0.9699466302516935,6.0
1,mixture_extremes,oracle_coords_only,depth7_high_capacity,0.019109386907586623,0.010539896886493483,0.03116849227646004,0.009254219451537385,0.014882567785641163,0.3117810880764229,0.33045794849142485,0.007824527031183243,0.001320845241844654,0.011128580751642584,0.002637059334665537,0.00011830910883366362,8.049569944699795e-06,0.00028794330154162856,1.6245659474890676e-05,,,,,6,1.0,0.6096657120978346,1.0,6.0
1,mixture_extremes,oracle_s_only,baseline,0.011752670502618134,0.0005752209341027686,0.023385956079828005,0.009663776825766078,0.014188971886337179,0.31777246998030517,0.3270953988308944,0.004990991616249084,0.0020555067509412765,0.009172545859217644,0.0024876328647136688,4.546012306907491e-05,7.834999759005781e-06,0.0001584818474612447,1.4528297951269345e-05,,,,,6,0.8333333333333334,0.43649717781352987,0.9699466302516935,6.0
1,mixture_extremes,oracle_s_only,depth4_light,0.00493725122371004,-0.00841107507803096,0.011264916269245723,0.008488246555338872,0.012082099017277699,0.33097574132428836,0.33022583167351244,0.009921938362717628,0.0017855157762765885,0.012836141837760806,0.0033666042059659956,0.00020480189483022636,6.7496539980414565e-06,0.00034154736941042433,3.459813118719673e-05,,,,,6,0.6666666666666666,0.299993315138392,0.9032285888942195,6.0
1,mixture_extremes,oracle_s_only,depth7_high_capacity,0.011134987182208567,0.007982584946129412,0.032380850015175225,0.010873780306719913,0.017558153825566317,0.3117810880764229,0.32291607525863153,0.007824527031183243,0.003148152542114258,0.011128580751642584,0.003755373376607895,0.00011830910883366362,2.550684577267883e-05,0.00028794330154162856,2.9943614421552398e-05,,,,,6,1.0,0.6096657120978346,1.0,6.0
1,shift_naive,oracle_coords_only,baseline,-0.0025386700138379514,-0.017890238518982568,0.036063953799338536,0.028314758287720197,0.018278282158522716,0.3476139752395105,0.3513839727969097,0.013202198665589094,0.0037487181067466734,0.028554550282284617,0.013198462523892522,0.0002815978641145875,3.278096561250594e-05,0.0020331540380564023,0.0005325207564717034,,,,,6,0.5,0.1876163064826506,0.8123836935173494,6.0
1,shift_naive,oracle_coords_only,depth4_light,0.0052113558761702206,-0.02683107692870189,0.05052464175878346,0.03418360712357191,0.03926999987719708,0.3581304215215513,0.35536521337771615,0.011294780888967217,0.0015213585376739503,0.029465401863493026,0.010750869965925813,0.0002873664483142656,6.259448129134704e-06,0.003240891417157061,0.0003695459618999137,,,,,6,0.5,0.1876163064826506,0.8123836935173494,6.0
1,shift_naive,oracle_coords_only,depth7_high_capacity,0.009744759691594898,-0.03177885208858487,0.0666034415212747,0.047725915850371066,0.02696769295028592,0.33140413831167304,0.34715763676032335,0.01609592920690775,0.006783296815305948,0.016170403722673653,0.006808797569572925,0.0003732928392468701,7.440691799402244e-05,0.0005619977452149818,0.0001251321703569304,,,,,6,0.6666666666666666,0.299993315138392,0.9032285888942195,6.0
1,shift_naive,oracle_s_only,baseline,-0.0045609575453128826,-0.019976834237207322,0.04023644028496999,0.03208889161408335,0.014287510412734024,0.3476139752395105,0.3467120201115427,0.013202198665589094,0.002085952627658844,0.028554550282284617,0.009591940976679324,0.0002815978641145875,1.9217776674234572e-05,0.0020331540380564023,0.00022362574425225783,,,,,6,0.3333333333333333,0.09677141110578041,0.700006684861608,6.0
1,shift_naive,oracle_s_only,depth4_light,-0.004769099895568729,-0.016829254091604462,0.040906370351165955,0.026852913014227195,0.030286261249660815,0.3581304215215513,0.3662701982347445,0.011294780888967217,0.0015776404544711113,0.029465401863493026,0.005738836012780666,0.0002873664483142656,4.527131998138212e-06,0.003240891417157061,0.0001497118028568548,,,,,6,0.3333333333333333,0.09677141110578041,0.700006684861608,6.0
1,shift_naive,oracle_s_only,depth7_high_capacity,0.0004355344095523517,-0.023482847261657322,0.06812185606607002,0.04604620592014372,0.04230788553955652,0.33140413831167304,0.3295984926741389,0.01609592920690775,0.004514821743965149,0.016170403722673653,0.009219603662192821,0.0003732928392468701,4.2829982438172535e-05,0.0005619977452149818,0.00022647191858855587,,,,,6,0.5,0.1876163064826506,0.8123836935173494,6.0
1,shift_preserve,oracle_coords_only,baseline,0.18988444916403321,0.07758025220591735,0.33191034140772524,0.11819532634247838,0.21616352761356122,0.13032780378747816,0.3215455298839982,0.011272449898719788,0.0016443045325577259,0.030645501304417847,0.004554594623297453,0.0002441507349073925,9.287051680396624e-06,0.0020633313428702776,5.1278020361489864e-05,,,,,6,1.0,0.6096657120978346,1.0,6.0
1,shift_preserve,oracle_coords_only,depth4_light,0.18998597078422805,0.048386452139888445,0.3384217558625885,0.13147415985480485,0.2512928685657265,0.15605383758229407,0.33022342541166155,0.010920157715957612,0.0014139431342482566,0.024809373629651965,0.0006076795506523922,0.0002732046294875656,1.0607025151880514e-05,0.0015275225096070795,7.213574784585848e-06,,,,,6,1.0,0.6096657120978346,1.0,6.0
1,shift_preserve,oracle_coords_only,depth7_high_capacity,0.21246418438040798,0.07558410371904138,0.3298143406998258,0.11857003631269655,0.22106605577651703,0.1276559538008045,0.32432310480097115,0.009041214703209698,0.0010894261419773102,0.028886617667600513,0.007665381100773811,0.00021840220212673085,7.94153323247812e-06,0.002114590661758603,0.000131033050750247,,,,,6,1.0,0.6096657120978346,1.0,6.0
1,shift_preserve,oracle_s_only,baseline,0.20300242521945944,0.08896134126621622,0.3288875124484292,0.11434242763721614,0.20869788555961172,0.13032780378747816,0.3277102793797409,0.011272449898719788,0.0007563457101583481,0.030645501304417847,0.00473632860481739,0.0002441507349073925,2.1796884616587774e-06,0.0020633313428702776,7.777407644515399e-05,,,,,6,1.0,0.6096657120978346,1.0,6.0
1,shift_preserve,oracle_s_only,depth4_light,0.19439733765232436,0.05515620169635073,0.3372000961493453,0.12865122286499803,0.24592675458370963,0.15605383758229407,0.3357381156479232,0.010920157715957612,0.0009085139602422714,0.024809373629651965,0.0023093383774161337,0.0002732046294875656,2.3840504923838954e-06,0.0015275225096070795,1.6712781590072457e-05,,,,,6,1.0,0.6096657120978346,1.0,6.0
1,shift_preserve,oracle_s_only,depth7_high_capacity,0.21233194641601494,0.09532581461519823,0.3232890633588651,0.10662190281750329,0.20105222825217825,0.1276559538008045,0.32979392561821463,0.009041214703209698,0.0018540129154920577,0.028886617667600513,0.005171660556644201,0.00021840220212673085,1.2854232240659811e-05,0.002114590661758603,6.357431061413551e-05,,,,,6,1.0,0.6096657120978346,1.0,6.0
1,tail_corr,oracle_coords_only,baseline,0.002268698507557093,-0.010763006348487557,0.016843316617890434,0.012060671712222241,0.008221236254391098,0.19034356673309336,0.20180520976976224,0.010926852985098958,0.0019452426493167876,0.012280004623532296,0.0036121876560151578,0.0001631972062027441,1.1062426674108483e-05,0.0004128975648337955,6.563027760905771e-05,,,,,18,0.6111111111111112,0.3861904160223791,0.7969475342783638,18.0
1,tail_corr,oracle_coords_only,depth4_light,0.0021066656207165413,-0.008358632520824427,0.020550381562357438,0.011356160077008471,0.01098208637256164,0.18888830460681838,0.20004031522489754,0.011199808280915022,0.0020482833638787268,0.01055899184346199,0.002186215069890022,0.00018577851943536142,8.272055953767762e-06,0.0004798333124273952,2.7159771720087324e-05,,,,,18,0.6111111111111112,0.3861904160223791,0.7969475342783638,18.0
1,tail_corr,oracle_coords_only,depth7_high_capacity,-0.0003335763258479757,-0.01333707900611843,0.014330777566016991,0.013419710649593701,0.015154058307655108,0.1813937140004761,0.1835687998728197,0.011007242091186345,0.00229212114950642,0.009227440521121025,0.004371742598712445,0.00023890645122351262,1.298405041466623e-05,0.00038584929341807837,6.640153802172344e-05,,,,,18,0.5,0.29031021505169974,0.7096897849483003,18.0
1,tail_corr,oracle_s_only,baseline,0.0049577631809955,-0.01034992968187569,0.017901539170798602,0.012779827919136968,0.013727916287731266,0.19034356673309336,0.20274891194425843,0.010926852985098958,0.002528567460179329,0.012280004623532296,0.003995066700875759,0.0001631972062027441,1.6008759848881854e-05,0.0004128975648337955,4.819182035281988e-05,,,,,18,0.6666666666666666,0.43749467295945105,0.837212252491663,18.0
1,tail_corr,oracle_s_only,depth4_light,0.0036722711657978385,-0.012701397580821236,0.017143439474801885,0.013054045093455065,0.020388007367509585,0.18888830460681838,0.20371616597705866,0.011199808280915022,0.0014573321625590324,0.01055899184346199,0.00264588682949543,0.00018577851943536142,5.100971544330415e-06,0.0004798333124273952,1.9228306907268055e-05,,,,,18,0.6111111111111112,0.3861904160223791,0.7969475342783638,18.0
1,tail_corr,oracle_s_only,depth7_high_capacity,-0.000799360257101929,-0.01868266912882362,0.02324656632521617,0.015411150925257518,0.018358106903984622,0.1813937140004761,0.18983485717627774,0.011007242091186345,0.002226206248998642,0.009227440521121025,0.004644204527512193,0.00023890645122351262,1.2693734250427317e-05,0.00038584929341807837,7.401104384356413e-05,,,,,18,0.4444444444444444,0.24559518127005633,0.6628358435795723,18.0
2,mixture_extremes,oracle_coords_only,baseline,0.017978619990053527,0.006811924994304996,0.03788574173614422,0.013382827660970119,0.019952830818640403,0.30534495194552275,0.31767589217226727,0.00799575816653669,0.000496294754743576,0.01266027036011219,0.005249422415345907,0.00012056002236559124,2.1723804045966413e-06,0.0004089972914562865,5.723180655603521e-05,0.5730995981029654,0.6473902339717632,0.573916100113226,0.64853152554545,6,1.0,0.6096657120978346,1.0,6.0
2,mixture_extremes,oracle_coords_only,depth4_light,0.023727644090265385,0.013309864571594915,0.03383035180604168,0.009491418546156396,0.016297551608537228,0.30808725993103236,0.3320007136078196,0.008477436356060207,0.00030159880220890047,0.014467073300853372,0.004144146455451846,0.00012691632236042593,1.21109505530022e-06,0.0005303539756723153,4.432273617006011e-05,0.5730995981029654,0.6473902339717632,0.573916100113226,0.64853152554545,6,1.0,0.6096657120978346,1.0,6.0
2,mixture_extremes,oracle_coords_only,depth7_high_capacity,0.026538524761979168,0.007834572759976205,0.04639466573138837,0.017823212436481852,0.033616610294456443,0.29854654434190153,0.32508506910388074,0.00412387728691101,0.0025518190413713455,0.01395201613139361,0.0054701966814696785,6.18009892041679e-05,1.097946818352144e-05,0.0003957833454935007,7.01202670589697e-05,0.5730995981029654,0.6473902339717632,0.573916100113226,0.64853152554545,6,1.0,0.6096657120978346,1.0,6.0
2,mixture_extremes,oracle_s_only,baseline,0.0229792172009788,0.010176679556915091,0.03338563607206262,0.009620548987617156,0.01803982274083113,0.30534495194552275,0.32320504040294235,0.00799575816653669,0.002250887749530375,0.01266027036011219,0.004798755574226379,0.00012056002236559124,8.901576202696782e-06,0.0004089972914562865,4.8609290243208673e-05,0.5730995981029654,0.6473902339717632,0.573916100113226,0.64853152554545,6,1.0,0.6096657120978346,1.0,6.0
2,mixture_extremes,oracle_s_only,depth4_light,0.027275138984234393,0.014761029682417853,0.040513914205615,0.011101354336170459,0.014721672725709956,0.30808725993103236,0.3324450336462374,0.008477436356060207,0.0007849445208907127,0.014467073300853372,0.004263419517874718,0.00012691632236042593,1.343109314110524e-06,0.0005303539756723153,3.986739571918668e-05,0.5730995981029654,0.6473902339717632,0.573916100113226,0.64853152554545,6,1.0,0.6096657120978346,1.0,6.0
2,mixture_extremes,oracle_s_only,depth7_high_capacity,0.018128621591966515,0.008598154093894445,0.04437076033558886,0.015346901270462596,0.02317978815900977,0.29854654434190153,0.31168646771985564,0.00412387728691101,0.001356163337826729,0.01395201613139361,0.005123363171517849,6.18009892041679e-05,6.371956319168763e-06,0.0003957833454935007,5.151754417624441e-05,0.5730995981029654,0.6473902339717632,0.573916100113226,0.64853152554545,6,1.0,0.6096657120978346,1.0,6.0
2,shift_naive,oracle_coords_only,baseline,0.005450023620318204,-0.036353730339489576,0.05561341988340114,0.042603430129266553,0.04129329958154752,0.36831944116741894,0.37142166837390916,0.006792540575005114,0.001002054101228714,0.015732050564745442,0.005580730339884758,9.348491728936884e-05,3.864050152244971e-06,0.0006342843145316266,7.11213203292421e-05,0.6301903563037943,0.760284675463569,0.7225625320160965,0.9000488676239455,6,0.5,0.1876163064826506,0.8123836935173494,6.0
2,shift_naive,oracle_coords_only,depth4_light,0.006491190255433238,-0.028648270797398973,0.05961644428353108,0.03967257382487395,0.04376962291232753,0.3782225897532055,0.3825302686640034,0.004929396738298238,0.0009390953183174134,0.01595781742297113,0.005128126713819802,4.3184912019351254e-05,1.5903508078684726e-06,0.0007908552987811097,5.369503203332474e-05,0.6301903563037943,0.760284675463569,0.7225625320160965,0.9000488676239455,6,0.6666666666666666,0.299993315138392,0.9032285888942195,6.0
2,shift_naive,oracle_coords_only,depth7_high_capacity,0.015168897002840409,0.005805361442676577,0.0589642726418262,0.02362902222302378,0.0339459008770691,0.3611761365618793,0.3715563975320152,0.010976332794874907,0.0048149224787950515,0.021471482719480992,0.0046399385586380956,0.00020214458187105592,3.0536061612550274e-05,0.0007009370807641571,5.410016607223784e-05,0.6301903563037943,0.760284675463569,0.7225625320160965,0.9000488676239455,6,1.0,0.6096657120978346,1.0,6.0
2,shift_naive,oracle_s_only,baseline,0.013495084532054225,-0.02434344162451477,0.06688574381088568,0.040435933930342206,0.04942342657086355,0.36831944116741894,0.38181452569947316,0.006792540575005114,0.0015025735631585121,0.015732050564745442,0.00554272635485977,9.348491728936884e-05,5.80517943710893e-06,0.0006342843145316266,0.00010428801123437461,0.6301903563037943,0.760284675463569,0.7225625320160965,0.9000488676239455,6,0.8333333333333334,0.43649717781352987,0.9699466302516935,6.0
2,shift_naive,oracle_s_only,depth4_light,-0.0031532416204113596,-0.038950412929162626,0.05992890056442936,0.04606217609358618,0.03884905771234072,0.3782225897532055,0.3692843034435029,0.004929396738298238,0.00033878968954086303,0.01595781742297113,0.003824334319122136,4.3184912019351254e-05,6.5962211169591e-07,0.0007908552987811097,5.2108995092355585e-05,0.6301903563037943,0.760284675463569,0.7225625320160965,0.9000488676239455,6,0.3333333333333333,0.09677141110578041,0.700006684861608,6.0
2,shift_naive,oracle_s_only,depth7_high_capacity,0.02035101050769289,-0.0020281370817928244,0.06056487747637572,0.026581681434010997,0.04180223463308938,0.3611761365618793,0.38031444743300713,0.010976332794874907,0.0028196533985435962,0.021471482719480992,0.0074452762093394995,0.00020214458187105592,1.6267874232325673e-05,0.0007009370807641571,0.00013844856710160537,0.6301903563037943,0.760284675463569,0.7225625320160965,0.9000488676239455,6,0.8333333333333334,0.43649717781352987,0.9699466302516935,6.0
2,shift_preserve,oracle_coords_only,baseline,0.09575041369308218,0.055778486176344726,0.23562431106354065,0.07760231564152895,0.13898838180083617,0.12033585017598174,0.26434368394011004,0.010765360874962061,0.0011379630640149117,0.017495547944121063,0.00467764013260603,0.0002511139631079723,4.785917344318174e-06,0.000754015032105837,4.158652438455246e-05,0.629497555449894,0.7595961694780973,0.6299896565769142,0.7595333464816942,6,1.0,0.6096657120978346,1.0,6.0
2,shift_preserve,oracle_coords_only,depth4_light,0.09185481853104363,0.05949944019369909,0.24307205756392786,0.0816493318689417,0.1252598372061109,0.1334513292358338,0.2672888054194506,0.010432711230684072,0.0013014128275215626,0.01126727742254734,0.002908092164993286,0.0002609463940787165,5.387703106980055e-06,0.0005423531018095152,2.1262309343560645e-05,0.629497555449894,0.7595961694780973,0.6299896565769142,0.7595333464816942,6,1.0,0.6096657120978346,1.0,6.0
2,shift_preserve,oracle_coords_only,depth7_high_capacity,0.09635940516865175,0.04573324020988957,0.23716993163898337,0.08212534926828972,0.15021089774489846,0.12037135022437176,0.259666661287021,0.009720877300947905,0.0030396895237267017,0.022523169840872288,0.005199343501031399,0.00020944749918347247,2.1449593474185943e-05,0.0009119726964401273,6.051157648191369e-05,0.629497555449894,0.7595961694780973,0.6299896565769142,0.7595333464816942,6,1.0,0.6096657120978346,1.0,6.0
2,shift_preserve,oracle_s_only,baseline,0.08291489798774357,0.05110040626039993,0.257728496512649,0.09261417999046491,0.1581394528486456,0.12033585017598174,0.2539588990323939,0.010765360874962061,0.0010227530926465989,0.017495547944121063,0.005861391883343458,0.0002511139631079723,7.205535147070474e-06,0.000754015032105837,9.596723337007085e-05,0.629497555449894,0.7595961694780973,0.6299896565769142,0.7595333464816942,6,1.0,0.6096657120978346,1.0,6.0
2,shift_preserve,oracle_s_only,depth4_light,0.0861259294938172,0.04523218931486615,0.2448531401848556,0.08898926664422108,0.13382599402956014,0.1334513292358338,0.2671496339976536,0.010432711230684072,0.00021363653391599655,0.01126727742254734,0.0005988213419914246,0.0002609463940787165,5.937835768078559e-07,0.0005423531018095152,2.185320352580682e-06,0.629497555449894,0.7595961694780973,0.6299896565769142,0.7595333464816942,6,1.0,0.6096657120978346,1.0,6.0
2,shift_preserve,oracle_s_only,depth7_high_capacity,0.09124219650560558,0.04851674536380712,0.246557545260518,0.08577318262855102,0.1473429559417434,0.12037135022437176,0.2545494526239748,0.009720877300947905,0.003575629550218582,0.022523169840872288,0.007474944014847279,0.00020944749918347247,4.8915696245337034e-05,0.0009119726964401273,0.00010000247839519009,0.629497555449894,0.7595961694780973,0.6299896565769142,0.7595333464816942,6,1.0,0.6096657120978346,1.0,6.0
2,tail_corr,oracle_coords_only,baseline,0.00484036652236524,-0.00447506912256963,0.023226219974245198,0.011828337056437297,0.012331871004851697,0.10455547720021349,0.12276266747334197,0.01043597424030304,0.0024217827931046487,0.011780045026913285,0.0037780029013752938,0.00015592939069687732,1.2257357076508591e-05,0.0003869456569000605,3.416338912917731e-05,0.6023570819703821,0.7075805439619901,0.6026473826818417,0.7074098992644825,18,0.7222222222222222,0.4912734343970254,0.8750024662044601,18.0
2,tail_corr,oracle_coords_only,depth4_light,0.00479419546070297,-0.006793178750032228,0.026754642390281545,0.011995782270405422,0.012609194360862854,0.11056523193457282,0.12916997364623461,0.010807653106935322,0.0009371635526418685,0.011091794672235847,0.003148029131197836,0.00015946327552429518,3.137533234951962e-06,0.00037587259005126037,2.739743587800455e-05,0.6023570819703821,0.7075805439619901,0.6026473826818417,0.7074098992644825,18,0.6666666666666666,0.43749467295945105,0.837212252491663,18.0
2,tail_corr,oracle_coords_only,depth7_high_capacity,0.008507329209656675,-0.00033678448581122655,0.030019699780012152,0.011094044866158245,0.013404267345095658,0.10023368154163574,0.12080253631304536,0.010363220902439206,0.0017289840966463088,0.00974410699806176,0.004366892080008984,0.00018234414138898697,8.086134515892418e-06,0.000410923626542705,6.628990438634496e-05,0.6023570819703821,0.7075805439619901,0.6026473826818417,0.7074098992644825,18,0.8888888888888888,0.672002348698212,0.9689804773543876,18.0
2,tail_corr,oracle_s_only,baseline,0.003794747133132513,-0.00461265640121055,0.024715470442073468,0.012825848866277141,0.012269454563067175,0.10455547720021349,0.129060895021677,0.01043597424030304,0.002129368401877582,0.011780045026913285,0.004262951298058033,0.00015592939069687732,8.835085376776235e-06,0.0003869456569000605,4.6721323714593876e-05,0.6023570819703821,0.7075805439619901,0.6026473826818417,0.7074098992644825,18,0.8333333333333334,0.6077796189608428,0.9416342319413856,18.0
2,tail_corr,oracle_s_only,depth4_light,0.004747676505005682,-0.009864735045150343,0.02522376594441294,0.014687488008509386,0.014916273243972822,0.11056523193457282,0.1240118922986765,0.010807653106935322,0.0010291457831859588,0.011091794672235847,0.002226665587723255,0.00015946327552429518,1.7837738199584764e-06,0.00037587259005126037,1.6204980279196025e-05,0.6023570819703821,0.7075805439619901,0.6026473826818417,0.7074098992644825,18,0.6111111111111112,0.3861904160223791,0.7969475342783638,18.0
2,tail_corr,oracle_s_only,depth7_high_capacity,0.003967645437009636,-0.006556069575636973,0.026005305595216622,0.012726324473552316,0.019376081956513875,0.10023368154163574,0.11312011724629031,0.010363220902439206,0.0019292561244219541,0.00974410699806176,0.0046711342349648475,0.00018234414138898697,9.60666432881718e-06,0.000410923626542705,6.281524995171711e-05,0.6023570819703821,0.7075805439619901,0.6026473826818417,0.7074098992644825,18,0.7222222222222222,0.4912734343970254,0.8750024662044601,18.0
3,mixture_extremes,oracle_coords_only,baseline,0.03380430604214507,0.021754649075357235,0.041543829537053295,0.009689585146978968,0.008790308802234914,0.30064040724246943,0.3239676700431855,0.01320462738852948,0.0026674239337444307,0.014936321026459337,0.007276148935779929,0.0003466871952372084,2.7151139525502535e-05,0.00046360096177951724,7.687474461537235e-05,,,,,6,1.0,0.6096657120978346,1.0,6.0
3,mixture_extremes,oracle_coords_only,depth4_light,0.023903795186049015,0.01838598382800638,0.030540196377296824,0.0058320595533266585,0.004776562840545284,0.309531560744121,0.3279175445721274,0.015394920251192525,0.002196055255457759,0.015035051293415017,0.006081184369698167,0.0006677375394438458,2.3895201792399594e-05,0.0007195573088586014,0.00011308363326061124,,,,,6,1.0,0.6096657120978346,1.0,6.0
3,mixture_extremes,oracle_coords_only,depth7_high_capacity,0.04562135842971396,0.040768576437514664,0.05131891153399035,0.004926651824425816,0.004981484996455912,0.28538367352786054,0.32658598021369045,0.012377201203908771,0.002645410794019699,0.012165050161210821,0.007580087066441774,0.0003314413199790845,2.399146426968011e-05,0.0004115231613203137,0.0001711550988004754,,,,,6,1.0,0.6096657120978346,1.0,6.0
3,mixture_extremes,oracle_s_only,baseline,0.05262831880716021,0.037770922244845906,0.06311670928582361,0.011057258991980052,0.016631662355970536,0.30064040724246943,0.3529559916233851,0.01320462738852948,0.0016105202198028565,0.014936321026459337,0.004139214488863945,0.0003466871952372084,1.4262982513299248e-05,0.00046360096177951724,2.499901607623582e-05,,,,,6,1.0,0.6096657120978346,1.0,6.0
3,mixture_extremes,oracle_s_only,depth4_light,0.04168470432795937,0.03646003168344686,0.05432014081310879,0.008045559231936013,0.009310037415388356,0.309531560744121,0.3581257525923144,0.015394920251192525,0.0016749159820377826,0.015035051293415017,0.0022439828395843507,0.0006677375394438458,9.597336600687313e-06,0.0007195573088586014,2.0085433307420802e-05,,,,,6,1.0,0.6096657120978346,1.0,6.0
3,mixture_extremes,oracle_s_only,depth7_high_capacity,0.060758665000264334,0.05093907826667177,0.0728192458787709,0.010185729934958917,0.012578698514260439,0.28538367352786054,0.34576841897550864,0.012377201203908771,0.004016238801181317,0.012165050161210821,0.004745752848684788,0.0003314413199790845,4.3942274543507794e-05,0.0004115231613203137,2.871351778477982e-05,,,,,6,1.0,0.6096657120978346,1.0,6.0
3,shift_naive,oracle_coords_only,baseline,0.019432558646192366,0.002416680160632123,0.06976817393146637,0.03472631227108777,0.01954504012451673,0.22631887623059554,0.2723393149675144,0.049853876167163254,0.013661883235536515,0.014322411721851678,0.004261467456817627,0.00381476427861861,0.0003529319618604494,0.0005528406115912494,7.118131170384943e-05,,,,,6,0.8333333333333334,0.43649717781352987,0.9699466302516935,6.0
3,shift_naive,oracle_coords_only,depth4_light,0.011456660752300198,-0.003927207720316007,0.03228164122399245,0.016433229217154104,0.016140054939407275,0.2554808566893527,0.2692123411121301,0.04699305961607024,0.006858068116754293,0.014269417590321973,0.0023123255888931452,0.0033792975790829616,8.438605009038827e-05,0.0004489450064053602,1.8496079374258414e-05,,,,,6,0.8333333333333334,0.43649717781352987,0.9699466302516935,6.0
3,shift_naive,oracle_coords_only,depth7_high_capacity,0.017559806921059847,0.005009993083905845,0.03202690399344206,0.011466899417367329,0.015589538737415353,0.24369315561347757,0.2487031486973834,0.04342969647850841,0.01731020818129182,0.013669438012037426,0.006012253907322884,0.0030773017388639567,0.00042268166785515903,0.0004935083800516668,0.00010345590927362768,,,,,6,0.8333333333333334,0.43649717781352987,0.9699466302516935,6.0
3,shift_naive,oracle_s_only,baseline,0.056875006574621134,0.015079945494943153,0.06527504340662035,0.022561107318893322,0.030408585139111627,0.22631887623059554,0.2647486318732266,0.049853876167163254,0.0007849242761731148,0.014322411721851678,0.0012460446283221246,0.00381476427861861,1.8739603295777796e-06,0.0005528406115912494,6.250853332379655e-06,,,,,6,1.0,0.6096657120978346,1.0,6.0
3,shift_naive,oracle_s_only,depth4_light,0.03267165902664197,0.009410812744094575,0.05218600854928074,0.019911062658992687,0.01827878250827083,0.2554808566893527,0.26489166943344733,0.04699305961607024,0.00010612007156014443,0.014269417590321973,0.0023814676225185393,0.0033792975790829616,1.6688522661981506e-07,0.0004489450064053602,1.5348307540101227e-05,,,,,6,1.0,0.6096657120978346,1.0,6.0
3,shift_naive,oracle_s_only,depth7_high_capacity,0.049634161277427064,0.0033985806951580197,0.0726621145698566,0.029661452372580364,0.040285585839419207,0.24369315561347757,0.2727505328630763,0.04342969647850841,0.013582498982548714,0.013669438012037426,0.005243962777405977,0.0030773017388639567,0.0002694861409459589,0.0004935083800516668,6.879395591753118e-05,,,,,6,0.8333333333333334,0.43649717781352987,0.9699466302516935,6.0
3,shift_preserve,oracle_coords_only,baseline,0.1782072347663872,0.13648002466954356,0.2161670894409835,0.035403661776708034,0.051712473152122906,0.17788308162748656,0.3517191705600714,0.01709127507582307,0.001659863093495369,0.008704236172232777,0.0034607612256892027,0.00062226116103687,1.2351642251870562e-05,0.00011581707987424831,3.893497447322297e-05,,,,,6,1.0,0.6096657120978346,1.0,6.0
3,shift_preserve,oracle_coords_only,depth4_light,0.17192576696389794,0.1459970695510967,0.20749235013794812,0.028666103670384906,0.04721183745313193,0.1849459970783586,0.36774326518617645,0.01974618353545666,0.0014703547531738877,0.012433086990844458,0.0017848000671714544,0.0007455963804980598,8.29572265829586e-06,0.0002182500709373497,1.5883704576794854e-05,,,,,6,1.0,0.6096657120978346,1.0,6.0
3,shift_preserve,oracle_coords_only,depth7_high_capacity,0.17658583310470716,0.14965082392919532,0.21215764538779708,0.02847164326902883,0.044697790436741186,0.15113216412180414,0.31436877724805223,0.015235249725868925,0.0036438585467636585,0.009518093627970665,0.00670620372928679,0.0005635753234916057,3.578577304566555e-05,0.0001415307084134221,8.415188965055063e-05,,,,,6,1.0,0.6096657120978346,1.0,6.0
3,shift_preserve,oracle_s_only,baseline,0.1809345260167743,0.1398567995302754,0.22999775282207885,0.041965840664543196,0.053258168418618024,0.17788308162748656,0.3649730462793117,0.01709127507582307,0.0030843653973191974,0.008704236172232777,0.0015116088628768921,0.00062226116103687,1.7948843234757683e-05,0.00011581707987424831,1.0716443350860468e-05,,,,,6,1.0,0.6096657120978346,1.0,6.0
3,shift_preserve,oracle_s_only,depth4_light,0.18451232905372805,0.148617308909614,0.2211918216505901,0.03297787023896029,0.046465794325962484,0.1849459970783586,0.3734784644872823,0.01974618353545666,0.0010102741867303849,0.012433086990844458,0.0006997001804411411,0.0007455963804980598,3.729953163352546e-06,0.0002182500709373497,1.526252566133619e-06,,,,,6,1.0,0.6096657120978346,1.0,6.0
3,shift_preserve,oracle_s_only,depth7_high_capacity,0.20967551875619678,0.15920282268319141,0.2556934146914171,0.04215713994930227,0.06392417685836188,0.15113216412180414,0.3661058025619732,0.015235249725868925,0.002988070582598448,0.009518093627970665,0.005325969890505076,0.0005635753234916057,1.6110301343496963e-05,0.0001415307084134221,5.1016382182628326e-05,,,,,6,1.0,0.6096657120978346,1.0,6.0
3,tail_corr,oracle_coords_only,baseline,0.0176925535227557,-0.007975708631932673,0.046716718317126364,0.021182607203368543,0.033558016779386086,0.1966937942741034,0.21065571607843922,0.01452101560428273,0.0034951602056622504,0.01703541844971478,0.007566904839873314,0.0006026074476732233,3.489935072327668e-05,0.0005403058509680784,8.829619961950977e-05,,,,,18,0.7222222222222222,0.4912734343970254,0.8750024662044601,18.0
3,tail_corr,oracle_coords_only,depth4_light,0.014229579052210825,-0.004322560938294514,0.03886252713753825,0.01935014932241773,0.02857936063523428,0.20125338571200324,0.2129133269190689,0.013990105883183423,0.0030317188705317674,0.01704395821224898,0.006379938683286309,0.0005509876300363578,1.903044501358506e-05,0.000513051693326155,0.0001082972720335582,,,,,18,0.7222222222222222,0.4912734343970254,0.8750024662044601,18.0
3,tail_corr,oracle_coords_only,depth7_high_capacity,0.006372207951123532,-0.004000816049895214,0.03161223915881102,0.018558329138983153,0.025705675769653685,0.19422560309699793,0.19853481120830743,0.012258975024835672,0.004703326019272208,0.015515051721781492,0.00723296814924106,0.0003958767562826728,5.198087628262294e-05,0.0004683500479115296,0.0001299054697582917,,,,,18,0.7222222222222222,0.4912734343970254,0.8750024662044601,18.0
3,tail_corr,oracle_s_only,baseline,0.027683065566999288,0.00030336026587789037,0.06463714940839907,0.02381069379982032,0.036622653044515625,0.1966937942741034,0.2290560422094669,0.01452101560428273,0.00296772823035717,0.01703541844971478,0.003520303128659725,0.0006026074476732233,2.4175955549429084e-05,0.0005403058509680784,2.2150380009793777e-05,,,,,18,0.8888888888888888,0.672002348698212,0.9689804773543876,18.0
3,tail_corr,oracle_s_only,depth4_light,0.02271583554815293,0.004643193142058789,0.05918738731489097,0.020688825430709965,0.03383714001054328,0.20125338571200324,0.23010491350893994,0.013990105883183423,0.0018904622957110406,0.01704395821224898,0.003963371509499848,0.0005509876300363578,7.939956267761175e-06,0.000513051693326155,3.3326204567299e-05,,,,,18,0.9444444444444444,0.7424269921812741,0.990124809021697,18.0
3,tail_corr,oracle_s_only,depth7_high_capacity,0.02502117897583571,0.0020096379639920788,0.05416716190581835,0.020475936397059354,0.03441006835194106,0.19422560309699793,0.2203606658826252,0.012258975024835672,0.00419528154283762,0.015515051721781492,0.005022516945004463,0.0003958767562826728,3.7401030858109596e-05,0.0004683500479115296,5.553143020395223e-05,,,,,18,0.8888888888888888,0.672002348698212,0.9689804773543876,18.0
4,mixture_extremes,oracle_coords_only,baseline,0.05744381850546702,0.009592187678952036,0.11636907315010517,0.050911154172506426,0.09669157177666521,0.4525159642815418,0.5144943737161919,0.0017334334149956704,0.0005313909426331521,0.011769877947773785,0.0029607337944209575,1.5187035763273353e-05,7.703699905799662e-06,0.0007400779935312624,5.2424566078107584e-05,,,,,6,1.0,0.6096657120978346,1.0,6.0
4,mixture_extremes,oracle_coords_only,depth4_light,0.06810211900263384,0.01435385105339071,0.12581423466618447,0.0541389853773306,0.10706392378207671,0.44762786593968035,0.5164427840659718,0.001799613807350397,0.0005552370175719261,0.013099308907799423,0.002597574383765459,2.8170194780018547e-05,1.3365199074622973e-05,0.0007956419743422674,2.900956057043349e-05,,,,,6,1.0,0.6096657120978346,1.0,6.0
4,mixture_extremes,oracle_coords_only,depth7_high_capacity,0.061488957217318244,0.01355498511201303,0.12301331608842256,0.05234576800910978,0.10231607582471067,0.4443501322456908,0.5142066125488318,0.0010422209203243256,0.0006945462852716446,0.009920839853724465,0.0031806590750813484,1.2132352619692983e-05,7.605605655680492e-06,0.0005763257305108332,8.708609184441872e-05,,,,,6,1.0,0.6096657120978346,1.0,6.0
4,mixture_extremes,oracle_s_only,baseline,0.06901221392629021,0.01306595880694883,0.13061926857622352,0.05606503132377106,0.1031898003315084,0.4525159642815418,0.5212172385365903,0.0017334334149956704,0.00023359395749866964,0.011769877947773785,0.0021145579740405084,1.5187035763273353e-05,1.6116413275212336e-06,0.0007400779935312624,2.4250640469326852e-05,,,,,6,1.0,0.6096657120978346,1.0,6.0
4,mixture_extremes,oracle_s_only,depth4_light,0.07507166505641436,0.014625525169979614,0.1376470636016372,0.05915272315099504,0.11666903611162352,0.44762786593968035,0.523373891538809,0.001799613807350397,5.949561297893524e-05,0.013099308907799423,0.0028186306457966565,2.8170194780018547e-05,2.196775693272812e-07,0.0007956419743422674,4.5125545870218675e-05,,,,,6,1.0,0.6096657120978346,1.0,6.0
4,mixture_extremes,oracle_s_only,depth7_high_capacity,0.07285731705239736,0.01014182491256016,0.13968228078842296,0.06288549527678912,0.12091441476455606,0.4443501322456908,0.5229273740741577,0.0010422209203243256,0.000985331629216671,0.009920839853724465,0.004150169520825147,1.2132352619692983e-05,4.888512453474581e-06,0.0005763257305108332,6.889331690686354e-05,,,,,6,1.0,0.6096657120978346,1.0,6.0
4,shift_naive,oracle_coords_only,baseline,0.08725536127236559,0.026320933037249417,0.23604124833969614,0.10771077819063377,0.0698570672780687,0.5001817772358207,0.7362230255755169,0.008218003521673381,0.0029543013539165257,0.024250389166083186,0.0051717811366543175,0.0001391675582202629,2.0564468915707314e-05,0.002483058273163379,9.634348973290354e-05,,,,,6,0.8333333333333334,0.43649717781352987,0.9699466302516935,6.0
4,shift_naive,oracle_coords_only,depth4_light,0.09601456490621173,0.023954767340786387,0.22965677138413304,0.09911856958844009,0.08088689855838793,0.5330526335570025,0.7627094049411355,0.007485871413350105,0.001931454975530505,0.026632952646224294,0.003725364498933777,9.12589999991503e-05,1.4016287919338376e-05,0.003378903845380838,0.00011657495001793473,,,,,6,0.8333333333333334,0.43649717781352987,0.9699466302516935,6.0
4,shift_naive,oracle_coords_only,depth7_high_capacity,0.0844059275940569,0.02299632908690824,0.22202370638977853,0.09829255466257476,0.07903672440127431,0.5168211594753882,0.7388448658651667,0.008111196663975716,0.003963920873403549,0.02228410361877177,0.007418562431327882,0.00010781294261710918,3.931851315926789e-05,0.003315373971604128,0.00031722338478272835,,,,,6,0.8333333333333334,0.43649717781352987,0.9699466302516935,6.0
4,shift_naive,oracle_s_only,baseline,0.09383170772692717,0.05282458253191392,0.23073320853480173,0.0962682697609243,0.049414635354406,0.5001817772358207,0.7309149857706224,0.008218003521673381,0.0021972517654299736,0.024250389166083186,0.0043021899743005635,0.0001391675582202629,2.078850323399329e-05,0.002483058273163379,4.928005676108247e-05,,,,,6,1.0,0.6096657120978346,1.0,6.0
4,shift_naive,oracle_s_only,depth4_light,0.09869579678194648,0.05266599965474683,0.2029402272032741,0.07417319092892512,0.06084845306779807,0.5330526335570025,0.7359928607602766,0.007485871413350105,0.0002918488621711731,0.026632952646224294,0.002120975802838802,9.12589999991503e-05,1.3295144130684377e-06,0.003378903845380838,1.0827794512426468e-05,,,,,6,1.0,0.6096657120978346,1.0,6.0
4,shift_naive,oracle_s_only,depth7_high_capacity,0.10026841480370087,0.049635668981697634,0.20088517306344572,0.07774856294713264,0.05454864277729726,0.5168211594753882,0.717706332538834,0.008111196663975716,0.002857691542804241,0.02228410361877177,0.004214736229926348,0.00010781294261710918,2.3355324359329498e-05,0.003315373971604128,8.973482679530353e-05,,,,,6,1.0,0.6096657120978346,1.0,6.0
4,shift_preserve,oracle_coords_only,baseline,0.18971668835328784,0.15251178733870735,0.6984661744033639,0.2516807961705807,0.3687949631673313,0.10675449356594363,0.5572681045995403,0.004715200702100992,0.0012852807004004718,0.03491499532523448,0.0036006247479468583,5.16219719038503e-05,8.037637446123783e-06,0.0027120760812788624,2.4742804604785547e-05,,,,,6,1.0,0.6096657120978346,1.0,6.0
4,shift_preserve,oracle_coords_only,depth4_light,0.23058343693462025,0.1625033477933026,0.7346784166114377,0.2624466275611117,0.37635777837868345,0.06999921681113545,0.5640707123338866,0.0042598054844886065,0.0006814430117607117,0.041450447405991145,0.0011491066374932416,4.656027591107496e-05,5.193821557680953e-06,0.0031263851829591706,5.6727446330003815e-06,,,,,6,1.0,0.6096657120978346,1.0,6.0
4,shift_preserve,oracle_coords_only,depth7_high_capacity,0.2091326529708942,0.13950277270615274,0.6685711817830668,0.23679077883283842,0.38456041792374973,0.13365079846369401,0.5586090410848051,0.005112445414438844,0.0016359515145421028,0.02196709701018408,0.002556624523550272,4.782555320722585e-05,1.1783442300003006e-05,0.0012752050901723199,2.7126372432659834e-05,,,,,6,1.0,0.6096657120978346,1.0,6.0
4,shift_preserve,oracle_s_only,baseline,0.19576643650718498,0.15809808912387718,0.7101300609746967,0.25455478113946056,0.3778461673903215,0.10675449356594363,0.5653048329905528,0.004715200702100992,0.0004999388471245766,0.03491499532523448,0.005240712064504624,5.16219719038503e-05,1.8668594929104186e-06,0.0027120760812788624,4.527521760960147e-05,,,,,6,1.0,0.6096657120978346,1.0,6.0
4,shift_preserve,oracle_s_only,depth4_light,0.23165767820206046,0.17196572189038617,0.737310627683481,0.2620569336661365,0.3797643854499346,0.06999921681113545,0.5646437163756238,0.0042598054844886065,0.00015540014505386352,0.041450447405991145,0.002615843314677477,4.656027591107496e-05,9.675882127675983e-07,0.0031263851829591706,1.5903643046346487e-05,,,,,6,1.0,0.6096657120978346,1.0,6.0
4,shift_preserve,oracle_s_only,depth7_high_capacity,0.21332889919031187,0.15429717027103212,0.6790058950326828,0.23734948852751517,0.37651442579277844,0.13365079846369401,0.5612128493032726,0.005112445414438844,0.0014305184662342073,0.02196709701018408,0.004950940442364663,4.782555320722585e-05,7.540177179572355e-06,0.0012752050901723199,3.805245901342717e-05,,,,,6,1.0,0.6096657120978346,1.0,6.0
4,tail_corr,oracle_coords_only,baseline,0.013148694784390555,-0.0002617092594248957,0.10426218511748662,0.040948475274219485,0.02050500254508076,0.07423183777186983,0.1406353718899519,0.0014683465600013733,0.000981325986981392,0.009627913026143506,0.0027242743492126467,1.963446269651776e-05,7.460756196849072e-06,0.0016083540604235902,6.264462183787151e-05,,,,,18,0.8333333333333334,0.6077796189608428,0.9416342319413856,18.0
4,tail_corr,oracle_coords_only,depth4_light,0.014891509342127643,0.0021349597224669214,0.11064849009400639,0.03934182540790215,0.03771800727518121,0.06788719411760652,0.14367237555343335,0.0018774435698986054,0.0012758012428879739,0.00971257214025536,0.0021526468481868504,2.798729028727162e-05,1.8352882054803834e-05,0.0012748000748198074,6.892922306251113e-05,,,,,18,0.9444444444444444,0.7424269921812741,0.990124809021697,18.0
4,tail_corr,oracle_coords_only,depth7_high_capacity,0.01115212672369515,-0.0006594292802424441,0.0892073531601034,0.033366977143401755,0.018781731865715877,0.06288205692177268,0.13077856873151367,0.0034209951490163804,0.0017752687186002732,0.009342320057714824,0.002403437207231764,2.145768520752399e-05,1.750815977720526e-05,0.0008041506837982269,6.797162573454455e-05,,,,,18,0.8333333333333334,0.6077796189608428,0.9416342319413856,18.0
4,tail_corr,oracle_s_only,baseline,0.01989179992280829,0.004660477857357104,0.10670811293128556,0.042925999617155645,0.03415340924582723,0.07423183777186983,0.14607777017942886,0.0014683465600013733,0.00046099915504455567,0.009627913026143506,0.0015250280484557152,1.963446269651776e-05,2.813851775126182e-06,0.0016083540604235902,2.6051475740635598e-05,,,,,18,0.9444444444444444,0.7424269921812741,0.990124809021697,18.0
4,tail_corr,oracle_s_only,depth4_light,0.020101992502360097,0.005001122379858869,0.11182612048054684,0.04232425988010704,0.02855830244612744,0.06788719411760652,0.14264244167021767,0.0018774435698986054,0.00017832570374011993,0.00971257214025536,0.0009072342872619628,2.798729028727162e-05,6.707459775638113e-07,0.0012748000748198074,9.05584915710877e-06,,,,,18,1.0,0.8241207763533425,1.0,18.0
4,tail_corr,oracle_s_only,depth7_high_capacity,0.01920374334942815,0.006235389008233495,0.10531302518394992,0.03796520123966705,0.025647529395154012,0.06288205692177268,0.1334169473826972,0.0034209951490163804,0.0006729729149490595,0.009342320057714824,0.0020336832534521817,2.145768520752399e-05,5.356569171061825e-06,0.0008041506837982269,2.641927208138087e-05,,,,,18,1.0,0.8241207763533425,1.0,18.0
5,mixture_extremes,oracle_coords_only,baseline,0.04063708508820352,0.037101530152487225,0.04786500167935703,0.0055994054474479,0.0067271697042936285,0.32410142225478245,0.36473850734298596,0.006184340427070856,0.0037742377784103155,0.003929728900268674,0.0019140102170407771,0.0003880803808709539,0.00016467935674491092,9.733764126837588e-05,2.699983241085715e-05,,,,,3,1.0,0.4385029682449546,1.0,3.0
5,mixture_extremes,oracle_coords_only,depth4_light,0.04626830374994001,0.045731936029968376,0.05845768566490438,0.007345792275964881,0.007953593521835,0.3204374440530586,0.3667057478029986,0.006571459069103003,0.0035115434756502507,0.004300978099554777,0.0017764505472034216,0.00030652091094539704,9.407334427408552e-05,0.00013153178112392327,1.0261561584991752e-05,,,,,3,1.0,0.4385029682449546,1.0,3.0
5,mixture_extremes,oracle_coords_only,depth7_high_capacity,0.044340084291709325,0.04125726124419924,0.044666134551302486,0.001919858028692104,0.0021305458169395275,0.3221870428042715,0.36652712709598084,0.005791931515745819,0.0038570135809481145,0.004096562177315354,0.0021525725927203894,0.00040923549001296665,7.334341775544542e-05,7.572825695315158e-05,2.260137379262065e-05,,,,,3,1.0,0.4385029682449546,1.0,3.0
5,mixture_extremes,oracle_s_only,baseline,0.06250733212110687,0.05985920544058508,0.07099176468130056,0.005935592471840687,0.006957849525447174,0.32410142225478245,0.3866087543758893,0.006184340427070856,0.0014458091301843524,0.003929728900268674,0.0010274586744606494,0.0003880803808709539,2.558815155957686e-05,9.733764126837588e-05,4.802712596794524e-06,,,,,3,1.0,0.4385029682449546,1.0,3.0
5,mixture_extremes,oracle_s_only,depth4_light,0.0686707172438672,0.06696379755459358,0.08138368107575467,0.008041408296587354,0.009012427200725676,0.3204374440530586,0.38697451168533376,0.006571459069103003,0.0009407031083479523,0.004300978099554777,0.0006875699322670698,0.00030652091094539704,1.2614341013145305e-05,0.00013153178112392327,2.26992331412057e-06,,,,,3,1.0,0.4385029682449546,1.0,3.0
5,mixture_extremes,oracle_s_only,depth7_high_capacity,0.05746064110604937,0.053182397753108325,0.06207311047220382,0.004538091339149365,0.005556695449434684,0.3221870428042715,0.3742998797191446,0.005791931515745819,0.0016790509324520826,0.004096562177315354,0.000777684086561203,0.00040923549001296665,1.3846993446553705e-05,7.572825695315158e-05,6.376583768687443e-06,,,,,3,1.0,0.4385029682449546,1.0,3.0
5,shift_naive,oracle_coords_only,baseline,0.0600925834014151,0.05153776880222612,0.08242953006413349,0.016278953654983313,0.019307350788692113,0.44775285317840197,0.49715191833083083,0.015396782940160484,0.009052485925890506,0.01015162485865876,0.0028730863688513635,0.0008734320256637047,0.0002861870324184881,0.0004587787590057325,4.7167287498127475e-05,,,,,3,1.0,0.4385029682449546,1.0,3.0
5,shift_naive,oracle_coords_only,depth4_light,0.056957982953546094,0.04635115000791453,0.08852162038002073,0.022388290141041132,0.02635654398256637,0.44978261278063497,0.5067405957341811,0.01610755883664824,0.006969804975576699,0.010097181123215705,0.002142630188167095,0.0009832461324690632,0.00032641849797629126,0.0004564860396513845,2.5846708424178992e-05,,,,,3,1.0,0.4385029682449546,1.0,3.0
5,shift_naive,oracle_coords_only,depth7_high_capacity,0.051473383784385984,0.04082334624693843,0.09378694766009558,0.02859257643937963,0.033102250883223217,0.441109759976557,0.492583143760943,0.017956402500905095,0.009107881137728691,0.01130546252578497,0.00413017849791795,0.0007945753063099468,0.00027466530160844585,0.0004624636344625441,4.4630881683343825e-05,,,,,3,1.0,0.4385029682449546,1.0,3.0
5,shift_naive,oracle_s_only,baseline,0.06173651669112118,0.038077529412716235,0.09480228071316786,0.0290796017170837,0.035452969562782266,0.44775285317840197,0.47991563577151697,0.015396782940160484,0.004816749401390552,0.01015162485865876,0.0020453085884451867,0.0008734320256637047,9.829918895357723e-05,0.0004587787590057325,3.107025591121774e-05,,,,,3,1.0,0.4385029682449546,1.0,3.0
5,shift_naive,oracle_s_only,depth4_light,0.0780724943903246,0.04102411042316576,0.10281178567691547,0.03173876688098696,0.03861729703359357,0.44978261278063497,0.5020042955797291,0.01610755883664824,0.00211362978965044,0.010097181123215705,0.0009883461855351924,0.0009832461324690632,2.232750012848753e-05,0.0004564860396513845,5.292415729165808e-06,,,,,3,1.0,0.4385029682449546,1.0,3.0
5,shift_naive,oracle_s_only,depth7_high_capacity,0.06324390577676825,0.03739004089966215,0.10570664858291964,0.03520442715277524,0.04269787980203593,0.441109759976557,0.47873311825894543,0.017956402500905095,0.004131817291676998,0.01130546252578497,0.0025668937047943472,0.0007945753063099468,5.4915647042247396e-05,0.0004624636344625441,2.2782260864039184e-05,,,,,3,1.0,0.4385029682449546,1.0,3.0
5,shift_preserve,oracle_coords_only,baseline,0.39469164773504023,0.39074945083931917,0.39539185849052844,0.0025543794183667534,0.002901504782005737,0.05144216870243458,0.4461338164374748,0.017797633789665996,0.0028685529129579665,0.007326251018978655,0.0014752809083089233,0.0006808847307960775,4.7702027576621743e-05,0.00017471345988456506,9.871582437377146e-06,,,,,3,1.0,0.4385029682449546,1.0,3.0
5,shift_preserve,oracle_coords_only,depth4_light,0.4058476211527374,0.39262150676171026,0.40684549960608596,0.00810358112418778,0.00888999552773484,0.05108702710722096,0.45140300462854904,0.024706877516489475,0.0021146038373932243,0.011131479289941489,0.0008967229401692748,0.0012947358605465268,2.6311895649687475e-05,0.00039909751839736904,6.763595027411001e-06,,,,,3,1.0,0.4385029682449546,1.0,3.0
5,shift_preserve,oracle_coords_only,depth7_high_capacity,0.37656811082458747,0.35452766603401753,0.37844968079238167,0.013575817848095298,0.014951259223977553,0.051383275681987015,0.42131260318419206,0.011243710321746767,0.004179688850045204,0.0063969209978356955,0.0017089941784739495,0.0003192910858233945,6.313724759665222e-05,9.056302535336441e-05,1.866876565325649e-05,,,,,3,1.0,0.4385029682449546,1.0,3.0
5,shift_preserve,oracle_s_only,baseline,0.4247630439872353,0.414035820405269,0.4336117453729567,0.010005117443467994,0.01223495310480488,0.05144216870243458,0.48726608942182165,0.017797633789665996,0.002357320713251829,0.007326251018978655,0.0005299940332770348,0.0006808847307960775,1.2036144009684074e-05,0.00017471345988456506,4.197292354050823e-06,,,,,3,1.0,0.4385029682449546,1.0,3.0
5,shift_preserve,oracle_s_only,depth4_light,0.44615008995187755,0.43867763408477917,0.4489638609575314,0.0054256554781254625,0.006428891795470182,0.05108702710722096,0.4938642236208109,0.024706877516489475,0.00217082741856575,0.011131479289941489,0.0005930845804512501,0.0012947358605465268,1.613663370658929e-05,0.00039909751839736904,2.748401075028255e-06,,,,,3,1.0,0.4385029682449546,1.0,3.0
5,shift_preserve,oracle_s_only,depth7_high_capacity,0.42303815195509537,0.4193736722115741,0.4261596995716774,0.003466672642356034,0.004241267100064561,0.051383275681987015,0.4783233621578099,0.011243710321746767,0.0032561169514432548,0.0063969209978356955,0.0014210030421614648,0.0003192910858233945,2.629581049317356e-05,9.056302535336441e-05,7.4190418516629895e-06,,,,,3,1.0,0.4385029682449546,1.0,3.0
5,tail_corr,oracle_coords_only,baseline,0.027591172886632542,0.0009620065822808362,0.050977527639552836,0.021779848668792744,0.04465299250519407,0.42800543263134183,0.4556511003791211,0.01248134570363909,0.005643780456576496,0.005006608044821769,0.0032486040846444668,0.0005871737427987243,0.0002011513989209432,0.00017489176053241023,7.743645682723055e-05,,,,,9,0.8888888888888888,0.5650002944233439,0.9801091123614551,9.0
5,tail_corr,oracle_coords_only,depth4_light,0.035180805684244865,0.005075760875385585,0.05278838435720761,0.019219176353542127,0.03759717212816898,0.431324690093364,0.46102503067883105,0.014314862740878016,0.005375405333191157,0.005219606993859633,0.002630764740332961,0.0007138453358888913,0.00032040544070658007,0.00017606155655215233,4.331155740946963e-05,,,,,9,1.0,0.7008549515804559,1.0,9.0
5,tail_corr,oracle_coords_only,depth7_high_capacity,0.03023241055111603,0.0016503955364909535,0.05530879245233096,0.021814274572895642,0.039548125388971705,0.4175196739186791,0.44575742134345475,0.011627609298285097,0.005978238119650632,0.004891429047938436,0.0033662872335640712,0.0009358835446471539,0.00022618140133905956,0.0001537468899914189,7.4031515504564e-05,,,,,9,0.8888888888888888,0.5650002944233439,0.9801091123614551,9.0
5,tail_corr,oracle_s_only,baseline,0.04886534866413905,0.012309916378178807,0.07916904088373904,0.027034762286054292,0.04574698765565663,0.42800543263134183,0.4769252761566276,0.01248134570363909,0.0023114291336387397,0.005006608044821769,0.000710603010095656,0.0005871737427987243,3.875054800436532e-05,0.00017489176053241023,4.95462457859234e-06,,,,,9,1.0,0.7008549515804559,1.0,9.0
5,tail_corr,oracle_s_only,depth4_light,0.04947908599750428,0.013717354002818625,0.07416803928042673,0.0251927035152565,0.04382280871730074,0.431324690093364,0.4808037760908683,0.014314862740878016,0.00020429177582263948,0.005219606993859633,0.0004857782557606697,0.0007138453358888913,4.214798207367489e-06,0.00017606155655215233,2.036893475019368e-06,,,,,9,1.0,0.7008549515804559,1.0,9.0
5,tail_corr,oracle_s_only,depth7_high_capacity,0.06017433145313056,0.01362108961219547,0.06866138017747733,0.023977616338436668,0.048576384529473604,0.4175196739186791,0.474238298283815,0.011627609298285097,0.002884012334700674,0.004891429047938436,0.0015504114866256714,0.0009358835446471539,4.009730828368492e-05,0.0001537468899914189,1.2661254814066148e-05,,,,,9,1.0,0.7008549515804559,1.0,9.0
6,mixture_extremes,oracle_coords_only,baseline,0.004101987735132505,-0.00043703594425584594,0.006041925590079093,0.00310488579806703,0.0032518327064047746,0.05342703119220037,0.05695622402633653,1.6110062599182128e-06,0.00032941317111253736,0.0021033215492963792,0.0003683928698301315,2.0798234791357118e-08,6.199634918946275e-07,9.168574158552367e-06,6.243727703483337e-07,,,,,6,0.8333333333333334,0.43649717781352987,0.9699466302516935,6.0
6,mixture_extremes,oracle_coords_only,depth4_light,0.0016605544544432763,-0.00039158249963670497,0.0061816016119126925,0.0028178840865570494,0.0039051983730822235,0.05544387495657195,0.05652436877570779,2.4335187673568726e-05,2.0482294261455536e-05,0.0021410960108041764,0.0009968240529298782,2.529531750324665e-08,1.1472471532534276e-07,9.701428685446412e-06,1.5791196639080417e-06,,,,,6,0.8333333333333334,0.43649717781352987,0.9699466302516935,6.0
6,mixture_extremes,oracle_coords_only,depth7_high_capacity,0.004191574015135376,0.00028720634338202586,0.008459251292916678,0.0035074038935156183,0.005758829375239643,0.055061106658586864,0.055970688939774575,0.0012009810432791709,0.0001095908910036087,0.00024087321758270262,0.0006758188888430595,2.01787128081508e-06,6.850241263611779e-08,1.440693642930846e-07,1.0316666185321743e-06,,,,,6,0.8333333333333334,0.43649717781352987,0.9699466302516935,6.0
6,mixture_extremes,oracle_s_only,baseline,0.00483490591249967,0.001658654932184138,0.00840306967447475,0.0029913864937339938,0.004466833890701658,0.05342703119220037,0.058538522916078105,1.6110062599182128e-06,2.6113182306289674e-06,0.0021033215492963792,5.7217517495155334e-05,2.0798234791357118e-08,8.972312497412816e-10,9.168574158552367e-06,2.4887114581352067e-07,,,,,6,1.0,0.6096657120978346,1.0,6.0
6,mixture_extremes,oracle_s_only,depth4_light,0.0013994304003706118,-0.00020192571869119547,0.006357983024296979,0.003620761272116054,0.0018739068961385694,0.05544387495657195,0.05629690198416816,2.4335187673568726e-05,3.94950807094574e-06,0.0021410960108041764,0.00026448933482170104,2.529531750324665e-08,1.3432960453840795e-08,9.701428685446412e-06,2.0116955654593483e-07,,,,,6,0.8333333333333334,0.43649717781352987,0.9699466302516935,6.0
6,mixture_extremes,oracle_s_only,depth7_high_capacity,0.0034617746907167693,0.0010479035331684705,0.007946503846032557,0.0031998526616260404,0.003500975732180535,0.055061106658586864,0.056886615708270825,0.0012009810432791709,5.204945802688599e-06,0.00024087321758270262,0.00011672094166278839,2.01787128081508e-06,6.227386792511779e-08,1.440693642930846e-07,4.532472330337712e-08,,,,,6,0.8333333333333334,0.43649717781352987,0.9699466302516935,6.0
6,shift_naive,oracle_coords_only,baseline,0.01636708397582797,0.0022727053519652103,0.023222022366358664,0.008956591159116201,0.013270723921291057,0.054473406230342275,0.061169351755495795,0.001275591155141592,2.921849489212036e-06,0.006074001586437225,0.00016384552717208862,4.575396854136254e-06,4.300552947089642e-09,5.6832983115563825e-05,1.5162257100939947e-06,,,,,6,1.0,0.6096657120978346,1.0,6.0
6,shift_naive,oracle_coords_only,depth4_light,0.018990666748399908,0.006199680816842683,0.03460423216514081,0.01359465560339052,0.011761259220118997,0.04864949555522216,0.06877869621061936,0.0,1.2702709436416625e-05,0.007132609041035175,0.0009749777805060148,0.0,4.144603281490689e-08,6.950601674495885e-05,2.801641062761766e-06,,,,,6,1.0,0.6096657120978346,1.0,6.0
6,shift_naive,oracle_coords_only,depth7_high_capacity,0.012502940185891114,0.0070048778580102215,0.021814940860848862,0.006546655938603403,0.008113973161760494,0.05137575335704422,0.05950149609651553,0.000231956285238266,2.6073560118675233e-05,0.008164246125519276,0.0028596787437796594,8.852586763972603e-07,1.3378435364094444e-07,0.0001015755505511827,1.883161481340858e-05,,,,,6,1.0,0.6096657120978346,1.0,6.0
6,shift_naive,oracle_s_only,baseline,0.014243801161438136,0.00411625593436829,0.02526766395911837,0.009115439948627273,0.014409176728322773,0.054473406230342275,0.06301290233789887,0.001275591155141592,9.614814817905426e-05,0.006074001586437225,0.0016598013788461684,4.575396854136254e-06,3.146145217147378e-07,5.6832983115563825e-05,7.56413718172789e-06,,,,,6,1.0,0.6096657120978346,1.0,6.0
6,shift_naive,oracle_s_only,depth4_light,0.015071802184543237,0.003852506554760396,0.04034215746950505,0.01866352953806572,0.016641326286821953,0.04864949555522216,0.06878595270572815,0.0,2.4799436330795287e-06,0.007132609041035175,0.0016010973393917084,0.0,0.0,6.950601674495885e-05,4.898074885139275e-06,,,,,6,1.0,0.6096657120978346,1.0,6.0
6,shift_naive,oracle_s_only,depth7_high_capacity,0.016609175574817205,0.011990324770477567,0.02908442697938851,0.008457631013285168,0.0057626258844555404,0.05137575335704422,0.0707437017785589,0.000231956285238266,0.0009619318909943104,0.008164246125519276,0.0023940282030031085,8.852586763972603e-07,5.846145026798906e-06,0.0001015755505511827,1.5696042678995463e-05,,,,,6,1.0,0.6096657120978346,1.0,6.0
6,shift_preserve,oracle_coords_only,baseline,0.01737050998212381,0.005055873768326249,0.021843483186471536,0.007215997798973176,0.011203408370895429,0.050488856151447534,0.06717632875225882,0.0009112334232777357,0.0019975821524858477,0.005357822845503688,0.0023163362108170986,1.926792377389584e-06,1.573771801231787e-05,7.110464432308869e-05,1.1990430957021665e-05,,,,,6,1.0,0.6096657120978346,1.0,6.0
6,shift_preserve,oracle_coords_only,depth4_light,0.01781632890894788,0.015044907163570355,0.024340509872439783,0.0042091769456252676,0.004075983625607592,0.04920891607857544,0.06899053031411703,0.001355705788731575,5.566464252769947e-05,0.005055772591009736,0.000537454441189766,4.5317599909235695e-06,2.8858747258638683e-07,6.893725442334163e-05,1.4760526668660704e-06,,,,,6,1.0,0.6096657120978346,1.0,6.0
6,shift_preserve,oracle_coords_only,depth7_high_capacity,0.012651410671379568,0.007489067275348038,0.016722025005321016,0.004049811272437613,0.004970116234415919,0.05072851502404001,0.06397762592502532,1.8531084060668945e-07,0.00023301784321665763,0.0008249250560998917,0.00042884956896305085,2.593469262457404e-10,3.768414211890092e-07,5.579411202513107e-06,2.262383802322159e-06,,,,,6,1.0,0.6096657120978346,1.0,6.0
6,shift_preserve,oracle_s_only,baseline,0.018964881182840905,0.009075167681736114,0.023483507608706877,0.007123638161066162,0.007281808530817661,0.050488856151447534,0.06783153406210546,0.0009112334232777357,3.399908542633057e-07,0.005357822845503688,0.0006070302695035934,1.926792377389584e-06,5.598400105100155e-10,7.110464432308869e-05,3.6487965595939366e-06,,,,,6,1.0,0.6096657120978346,1.0,6.0
6,shift_preserve,oracle_s_only,depth4_light,0.02187094156779572,0.017459065119697487,0.02418019905922269,0.0031116340510562285,0.0028996193793095204,0.04920891607857544,0.07043311320326637,0.001355705788731575,0.00040808088034391404,0.005055772591009736,0.00039502237029373646,4.5317599909235695e-06,9.43721907858186e-07,6.893725442334163e-05,6.90858194759617e-07,,,,,6,1.0,0.6096657120978346,1.0,6.0
6,shift_preserve,oracle_s_only,depth7_high_capacity,0.016770183299218734,0.007417049121429216,0.019029815711468608,0.005216260883298255,0.007235619455035688,0.05072851502404001,0.06778140223535346,1.8531084060668945e-07,0.0003199038960039616,0.0008249250560998917,8.474588394165039e-07,2.593469262457404e-10,1.109914862130945e-06,5.579411202513107e-06,0.0,,,,,6,1.0,0.6096657120978346,1.0,6.0
6,tail_corr,oracle_coords_only,baseline,0.0055515859239179295,-0.0033269155780428893,0.01830164809882574,0.010638986359285795,0.007519696392518595,0.05655832548056572,0.06320897125578756,8.916776478290558e-05,3.632558286190033e-05,0.0018359444111585618,0.00026369011402130126,1.4926625823799002e-07,1.2880616183376687e-07,6.806502225958351e-06,2.433767217945171e-06,,,,,18,0.8333333333333334,0.6077796189608428,0.9416342319413856,18.0
6,tail_corr,oracle_coords_only,depth4_light,0.003845010376963307,-0.0009298460836691508,0.017663854477794165,0.00798657763147481,0.013344521942997763,0.05747333100336534,0.06514328601881206,6.13232009112835e-05,2.9753117263317107e-05,0.0056198566019535065,0.0005700008779764176,2.7228313783897115e-07,4.846531731022008e-08,3.473668864334636e-05,9.261041861989484e-07,,,,,18,0.7222222222222222,0.4912734343970254,0.8750024662044601,18.0
6,tail_corr,oracle_coords_only,depth7_high_capacity,0.0032265469163649182,-0.0006691878287873539,0.013533623410232518,0.009428049700865537,0.009311215823625268,0.0551220013242202,0.06416987027925068,3.3170250058174134e-05,0.000360083494707942,0.0015245711147785187,0.0014778449743986129,1.762896233999278e-07,5.992847723542414e-07,6.723213741191429e-06,9.650708450534849e-06,,,,,18,0.8888888888888888,0.672002348698212,0.9689804773543876,18.0
6,tail_corr,oracle_s_only,baseline,0.005645488223989543,-0.0016543879103335158,0.019255214257766478,0.008075700581899365,0.010453104554796009,0.05655832548056572,0.0658962138480111,8.916776478290558e-05,1.741712689399719e-05,0.0018359444111585618,0.0005625008761882782,1.4926625823799002e-07,1.166257809097182e-07,6.806502225958351e-06,4.826608970763644e-06,,,,,18,0.7777777777777778,0.5478541568378739,0.9099907189139831,18.0
6,tail_corr,oracle_s_only,depth4_light,0.004045349545929902,-0.0016746863258614811,0.018287958352388247,0.008215417985518595,0.014741112186898706,0.05747333100336534,0.06797977836609323,6.13232009112835e-05,2.3397794365882873e-05,0.0056198566019535065,0.00040416533946990965,2.7228313783897115e-07,9.91027196329597e-09,3.473668864334636e-05,8.06596674904565e-07,,,,,18,0.7222222222222222,0.4912734343970254,0.8750024662044601,18.0
6,tail_corr,oracle_s_only,depth7_high_capacity,0.009312874778767938,-0.0011393599259896289,0.016625872332510394,0.008169727413730806,0.012260869731325875,0.0551220013242202,0.06650826984304971,3.3170250058174134e-05,9.103569984436035e-05,0.0015245711147785187,0.0006418657004833221,1.762896233999278e-07,5.391727009280522e-07,6.723213741191429e-06,3.1960095538916455e-06,,,,,18,0.7777777777777778,0.5478541568378739,0.9099907189139831,18.0
7,mixture_extremes,oracle_coords_only,baseline,0.018003398860997805,0.008966352471428568,0.022744262299566192,0.007144038803128298,0.008611193642586015,0.21059533311037376,0.23262512656534684,0.02798364736549556,0.03031971093043685,0.02171342504657805,0.023080343008041383,0.0018864783031971044,0.0022672649448682077,0.001121080749941819,0.001880668808653816,,,,,3,1.0,0.4385029682449546,1.0,3.0
7,mixture_extremes,oracle_coords_only,depth4_light,0.027706722478469614,0.0204094871123359,0.03132125806884878,0.005673116074507752,0.006819856847820549,0.20471583952481107,0.23242256200328068,0.022148220723960547,0.03249101561680436,0.013399731083307415,0.024754880813881754,0.0012882058588186062,0.002694309981749532,0.00042518056079011106,0.002267024005558786,,,,,3,1.0,0.4385029682449546,1.0,3.0
7,mixture_extremes,oracle_coords_only,depth7_high_capacity,0.02466481872771048,0.011137290978179426,0.029334962736402913,0.009646166386405499,0.01137354484888968,0.20895773519279645,0.22747660429422828,0.027384010427072645,0.034084082394093274,0.018786024862900378,0.021471594105660914,0.0015621421617300377,0.0028919443895755225,0.000995321833471037,0.0018250989999934145,,,,,3,1.0,0.4385029682449546,1.0,3.0
7,mixture_extremes,oracle_s_only,baseline,0.03710649110557129,0.03404254165143692,0.04788412580520838,0.007420114459170827,0.008650990096107161,0.21059533311037376,0.2592741828862562,0.02798364736549556,0.03033137918114662,0.02171342504657805,0.017075654146075248,0.0018864783031971044,0.003794660791270096,0.001121080749941819,0.001805539500611307,,,,,3,1.0,0.4385029682449546,1.0,3.0
7,mixture_extremes,oracle_s_only,depth4_light,0.05471497577911802,0.04319966048074744,0.062367723198666465,0.009847638410552795,0.011980039198699388,0.20471583952481107,0.26329279524366506,0.022148220723960547,0.039053316513448955,0.013399731083307415,0.022081763209216298,0.0012882058588186062,0.005149946061834856,0.00042518056079011106,0.002545136618101303,,,,,3,1.0,0.4385029682449546,1.0,3.0
7,mixture_extremes,oracle_s_only,depth7_high_capacity,0.041998689268706396,0.0374116063838745,0.049631930953849386,0.0063004083946616735,0.007637702856234302,0.20895773519279645,0.25095642446150285,0.027384010427072645,0.027650186547636985,0.018786024862900378,0.014774136605858803,0.0015621421617300377,0.0020526304416895813,0.000995321833471037,0.0008843783900694021,,,,,3,1.0,0.4385029682449546,1.0,3.0
7,shift_naive,oracle_coords_only,baseline,-0.004423598081020219,-0.009428102784699433,0.0009281932341342672,0.0052859155893775385,0.006472685011771062,0.33412775255459953,0.3234485235939803,0.03720735672116279,0.029686701023578645,0.02183146761879325,0.015353064280748367,0.003149383157425668,0.0029147993098793575,0.0011226726501056615,0.0006479388709258924,,,,,3,0.3333333333333333,0.06149194472039621,0.7923403991979522,3.0
7,shift_naive,oracle_coords_only,depth4_light,0.0020649981159484576,0.0006207921250861337,0.0047490330396345315,0.0021381191218439012,0.0025801505715927486,0.3591005905505327,0.3645206323210887,0.03556289063319564,0.03148992535248399,0.022421375642344355,0.012379593166708946,0.0038897203447597756,0.0033787702813128178,0.0014682594834884424,0.0006805157524378452,,,,,3,1.0,0.4385029682449546,1.0,3.0
7,shift_naive,oracle_coords_only,depth7_high_capacity,0.003335841980390941,-0.005973315458695549,0.00956256333593848,0.007979966245695922,0.009709924246646268,0.3200527376206791,0.33117198129550446,0.0385956710012164,0.04089163473173976,0.02347020231038332,0.01875254767946899,0.004081096199702617,0.0054577046725176916,0.0012306715705600099,0.0011401017084089362,,,,,3,0.6666666666666666,0.2076596008020477,0.9385080552796037,3.0
7,shift_naive,oracle_s_only,baseline,0.019561333637200362,-0.017073559959286763,0.021892332635330348,0.022305835726090042,0.024353682871635696,0.33412775255459953,0.3566028349394624,0.03720735672116279,0.03527733199000359,0.02183146761879325,0.018621074057370426,0.003149383157425668,0.005077597139765458,0.0011226726501056615,0.001988615284891212,,,,,3,0.6666666666666666,0.2076596008020477,0.9385080552796037,3.0
7,shift_naive,oracle_s_only,depth4_light,-0.009462996970237503,-0.02656227244806696,0.001411769484988102,0.014392759496933999,0.017483776208159413,0.3591005905505327,0.34963759358029517,0.03556289063319564,0.0283672209456563,0.022421375642344355,0.016691787588596345,0.0038897203447597756,0.003757905299753605,0.0014682594834884424,0.0014695792592349724,,,,,3,0.3333333333333333,0.06149194472039621,0.7923403991979522,3.0
7,shift_naive,oracle_s_only,depth7_high_capacity,-0.005312384562691508,-0.007477617340980303,0.017511908409505308,0.014130548196852874,0.015618453594053505,0.3200527376206791,0.3432707192732336,0.0385956710012164,0.026000335420668125,0.02347020231038332,0.015398213708400726,0.004081096199702617,0.002424000898348428,0.0012306715705600099,0.0008604618810009889,,,,,3,0.3333333333333333,0.06149194472039621,0.7923403991979522,3.0
7,shift_preserve,oracle_coords_only,baseline,0.019189307867882865,0.002463121902106247,0.03276681832970465,0.015492090861138398,0.018939810267249002,0.8662113040052357,0.8806570038945677,0.04771185145303607,0.055293569333851336,0.04744900700971484,0.013184772343933582,0.006009702199192775,0.007256971787967192,0.005118488113746748,0.00040276836571614423,,,,,3,0.6666666666666666,0.2076596008020477,0.9385080552796037,3.0
7,shift_preserve,oracle_coords_only,depth4_light,0.01594009540128194,-0.0015874217339163057,0.024131900901939552,0.013409956209616804,0.01607457664740991,0.8801924003659599,0.881174985577672,0.056624244977533815,0.05677096389830112,0.056546038267761466,0.01075759799182415,0.007868450960813757,0.009137574775224392,0.007156676563737406,0.00041287600794011315,,,,,3,0.6666666666666666,0.2076596008020477,0.9385080552796037,3.0
7,shift_preserve,oracle_coords_only,depth7_high_capacity,0.014260270745341197,0.012774289567690422,0.01693594657339683,0.0021524683114165872,0.002601035628566506,0.8511281868602412,0.8687330523906519,0.04658660169765353,0.05460936051383614,0.04475691986940801,0.013444250037521125,0.004813684258534588,0.006724201464137327,0.0049326567667835625,0.0004183483346851222,,,,,3,1.0,0.4385029682449546,1.0,3.0
7,shift_preserve,oracle_s_only,baseline,0.021975576405313446,0.014961380529969292,0.04466693211285342,0.0158471231751486,0.01856596973930258,0.8662113040052357,0.894835578989146,0.04771185145303607,0.03737217382639647,0.04744900700971484,0.01613403339833021,0.006009702199192775,0.003166981290450561,0.005118488113746748,0.0009443383376668945,,,,,3,1.0,0.4385029682449546,1.0,3.0
7,shift_preserve,oracle_s_only,depth4_light,0.03185523326020945,-0.0009986552075450066,0.03366519419327518,0.019914035745486214,0.02166490587551262,0.8801924003659599,0.8891128177271097,0.056624244977533815,0.026178334972262383,0.056546038267761466,0.008659993785619735,0.007868450960813757,0.002696843000104272,0.007156676563737406,0.000984150129109356,,,,,3,0.6666666666666666,0.2076596008020477,0.9385080552796037,3.0
7,shift_preserve,oracle_s_only,depth7_high_capacity,0.035021321622256796,0.019435567188403356,0.03618422359188793,0.009545082845383399,0.010467910252177859,0.8511281868602412,0.886149508482498,0.04658660169765353,0.02589449164569378,0.04475691986940801,0.010448400093615055,0.004813684258534588,0.0021200200305191673,0.0049326567667835625,0.0006295695767403869,,,,,3,1.0,0.4385029682449546,1.0,3.0
7,tail_corr,oracle_coords_only,baseline,0.008689734152797668,-0.0012333010602035063,0.023521440259561932,0.009959938377736989,0.008377916393811094,0.3327149783494041,0.33344816636743324,0.027570859048888088,0.03176578269600868,0.016550112426280975,0.015983730286266654,0.003273580442482306,0.003328145471876539,0.0005928568043308555,0.0008563477690731301,,,,,9,0.8888888888888888,0.5650002944233439,0.9801091123614551,9.0
7,tail_corr,oracle_coords_only,depth4_light,0.006950983788077791,-0.006365274797360132,0.020635753360031074,0.01268417584186382,0.022465166218070043,0.32842134098523657,0.33537232477331436,0.03196684659542516,0.027569014696031808,0.01835861196992919,0.014658771066367626,0.0034245870707769184,0.002968164352340314,0.0007876580332401909,0.000691026454223959,,,,,9,0.6666666666666666,0.3542021355803963,0.879416181613089,9.0
7,tail_corr,oracle_coords_only,depth7_high_capacity,0.007736910448072204,-0.0012548172487513829,0.015101325358450374,0.0064893690897964654,0.004578974714269157,0.32624948525846587,0.32852356413074,0.027561128432676198,0.02927063610255718,0.015488460078835488,0.013001989512518049,0.0018698612614193144,0.0019502351014401295,0.0006346598602280249,0.0005869913850937979,,,,,9,0.7777777777777778,0.45258896910698887,0.9367748928821533,9.0
7,tail_corr,oracle_s_only,baseline,0.0067952563078248485,-0.0005176200981573895,0.03144336447435678,0.012164701013579205,0.009040910962148763,0.3327149783494041,0.33579964820457614,0.027570859048888088,0.024417856937646865,0.016550112426280975,0.013280531069636345,0.003273580442482306,0.0024495646355598435,0.0005928568043308555,0.0010906678352979092,,,,,9,0.8888888888888888,0.5650002944233439,0.9801091123614551,9.0
7,tail_corr,oracle_s_only,depth4_light,0.01768615584549066,-0.008343816194492936,0.025746984153518417,0.015079206977180185,0.021793619347042492,0.32842134098523657,0.33574731769351074,0.03196684659542516,0.034768042054027316,0.01835861196992919,0.017985397936217486,0.0034245870707769184,0.0034901296541271086,0.0007876580332401909,0.0014672081317212476,,,,,9,0.7777777777777778,0.45258896910698887,0.9367748928821533,9.0
7,tail_corr,oracle_s_only,depth7_high_capacity,0.018400738978392506,0.005568566675359698,0.026779404844511565,0.009153544937250567,0.012608569467526698,0.32624948525846587,0.3330144230869745,0.027561128432676198,0.02878628409281373,0.015488460078835488,0.01606948198452592,0.0018698612614193144,0.0031433987547476805,0.0006346598602280249,0.0009715077415163941,,,,,9,1.0,0.7008549515804559,1.0,9.0
